Feature,MI_Score,RF_Importance,ET_Importance,LGBM_Importance,Permutation_Importance,SHAP_Importance
Absolute_Latitude,0.9058868395588984,0.019723653308714974,0.03180665861330516,0.04822222222222222,0.05543864411783041,1.848518561399354
City,0.292968734534301,0.009548836055498383,0.03281465367398341,0.0065,0.0005591942992369722,0.04413033392773837
Cloud_Cover_Percent,0.24763161362477026,0.0065104748170853235,0.009936626887525175,0.0054444444444444445,0.0011755743763298132,0.21765311712723115
Cloud_High_Percent,0.3518218269372909,0.10091365533711469,0.013360119161630764,0.014666666666666668,0.019974344720399922,2.8199965257303887
Cloud_Low_Percent,0.2447332916387674,0.00866989157982248,0.005756979660966486,0.009222222222222224,0.0005093261626320511,0.043868293788869396
Cloud_Mid_Percent,0.0045991755419972765,0.001667068566136257,0.006473897911428222,0.00044444444444444447,2.8013522271312187e-05,0.0037257563692217415
Coastal_State,0.02513422924279915,0.0012392843640622285,0.00469990151438557,0.0037777777777777775,0.0007045481795526405,0.051051028113883984
Crop_Burning_Season,0.01908724056949319,0.008551331929948579,0.006587108852582952,0.036166666666666666,0.0069489011864928285,0.2837936694773839
Day,0.026008116863814625,0.009210156521742549,0.006244700383550423,0.0,0.0,0.0
Day_of_Month,0.015832627393596085,0.004331403753364751,0.0035215141794052336,0.004722222222222222,0.0,0.007592519972174283
Day_of_Week,0.6853434278215763,0.06467245929051817,0.019849548699316204,0.11938888888888889,0.07688984671210279,2.4546592177797106
Day_of_Year,0.06742545762309332,0.0031320900333013865,0.006885931453017384,0.005166666666666667,0.0007233762918001929,0.058816115051296816
Days_in_Month,0.3279575876983769,0.041634196212723816,0.021047285703049694,0.04716666666666666,0.028027128908729326,1.560438097421477
Dew_Point_C,0.050344460030205915,0.00470295311634439,0.0025295172581304907,0.006,0.0002166666666666798,0.01762969594436995
Diffuse_Radiation_Wm2,0.013918425120122258,0.004176430834998242,0.0026089289669371627,0.004333333333333333,0.00033333333333335213,0.004043915629924011
Direct_Radiation_Wm2,0.1966056651990502,0.0005620980235509392,0.0061798881871986495,0.0006111111111111111,0.00018954540102918602,0.06684226559922891
Dry_Day,0.02320925677087677,0.0008963690771849873,0.0032818856585492898,0.0023333333333333335,0.00029820915613730053,0.02010389233153957
Festival_Period,0.2212357772495207,0.0026775230156948814,0.012687358313890052,0.0,0.0,0.0
Heavy_Cloud,0.006652312818378405,3.342665566384807e-05,0.0001292976865674827,0.0,0.0,0.0
Heavy_Rain,0.026521040473539398,0.000303020392430267,0.0018692230166232546,0.0,0.0,0.0
High_Wind,0.017911010234300237,0.007997004535525898,0.00448364933763075,0.009333333333333334,0.002705079219678848,0.0882153488138915
Hour,0.0,0.003946966986853713,0.0026717167568050815,0.0027222222222222222,0.0,0.0016683525265108739
Hour_Cos,0.012156894481606895,0.010013768057324051,0.007600346713800999,0.021777777777777778,0.011489649393906823,0.9399599555492144
Hour_Sin,0.20820880843634648,0.008958979700507616,0.006899059660324516,0.006555555555555556,0.0004927600330371651,0.07083253284972023
Humidity_Category,0.023283229206802945,0.002000146380222863,0.006272311667455241,5.555555555555556e-05,1.666666666666483e-05,2.095779203102634e-05
Humidity_Percent,0.01716100095401918,0.0004835826163887642,0.0018926274738652192,0.00022222222222222223,0.0,0.0002954733188918361
Inland_State,0.0015802746558673032,0.00031598947616056467,0.0011876414026455776,5.555555555555556e-05,0.0,1.170742098384115e-05
Is_Daytime,0.0,0.00033171989493889454,0.0013408368858818043,0.0,0.0,0.0
Is_Month_End,0.00010408463556346652,0.00021040455904208286,0.000569502830568902,0.0,0.0,0.0
Is_Month_Start,0.0034289112347495954,0.00019560952809048287,0.0005692895296377452,0.0,0.0,0.0
Is_Quarter_End,0.18984274642526572,0.0008823647150084498,0.005214950587360902,5.555555555555556e-05,0.0,0.00014679381115346183
Is_Quarter_Start,0.0,0.0008992156817409939,0.0029045734439217324,0.00011111111111111112,3.333333333332966e-05,0.00033775944481077933
Is_Raining,0.8856916607951054,0.05063865403477849,0.04706048762573078,0.04422222222222222,0.07189794208423929,2.375355978876234
Is_Weekend,0.895002229830653,0.018814970585888453,0.025041033503289185,0.0,0.0,0.0
Lat_Long_Interaction,0.8859122783626092,0.04357314086457105,0.04002264279908453,0.051444444444444445,0.03430544188367731,1.4977001553187401
Latitude,0.5013473176934338,0.0077026597141837,0.01602132026997517,0.001,0.00024268299096202872,0.020142758106296694
Latitude_Band,0.23724990192224243,0.02778750636799468,0.040152391247996855,0.027777777777777776,0.0368169484334233,1.7782767258875536
Longitude,0.3070533901890522,0.007430195341993384,0.0186020998044625,0.015166666666666667,0.006331268681529481,0.4169427585713999
Longitude_Band,0.15270433044923412,0.02553832178473037,0.061113660980121956,0.009222222222222222,0.02402637604042971,1.4112183104612868
Month,0.20520829438748625,0.0026567349427290923,0.0013061088100875134,0.0008888888888888889,0.0,0.0005106730286763793
Month_Cos,1.0,0.04989285861740485,0.06488540990425289,0.050388888888888886,0.04968872828347487,2.7034357715949997
Month_Sin,0.19469405311666288,0.015498706377797017,0.00805144959320264,0.020722222222222222,0.0018929016689387401,0.10083594726955948
Northern_India,0.4094742342780948,0.003487814480657203,0.015041771412372954,0.0,0.0,0.0
Precipitation_mm,0.2015136704545182,0.0034280058666541465,0.0016065397690739332,0.00044444444444444447,0.0,0.0008470769139027576
Pressure_Difference,0.01610783142366156,0.004323122170703823,0.0024928196510901964,0.003277777777777778,0.0001703443328103608,0.04154197130731178
Pressure_MSL_hPa,0.02179678015059608,0.001233051712391981,0.0020216784676918243,0.0002777777777777778,0.0,0.00022209912995757518
Quarter,0.6289790647357623,0.09345502042144044,0.05926885837270231,0.04594444444444445,0.05983512642965466,3.080628891174892
Rain_mm,0.14605060292063493,0.014454013549321458,0.009613223160797168,0.026055555555555554,0.0038078554347170113,0.41276351968087516
Season,0.19838563945542886,0.009945330563318165,0.006436360222342767,0.015555555555555555,0.0019073347209238776,0.10434316182902587
Solar_Radiation_Wm2,0.3629404770330464,0.029556382491304198,0.018124540205326542,0.021444444444444447,0.004631271729920154,0.5734699048442492
State,0.0005003275548810863,0.0,0.0,0.0,0.0,0.0
Sunshine_Seconds,0.11485258746796817,0.013291227764462983,0.0060835510191161336,0.018166666666666668,0.0014640137954101684,0.3071238972583125
Surface_Pressure_hPa,0.3592742174440936,0.02073639932277261,0.022468573944325654,0.02238888888888889,0.011804219837609986,1.8842783935572662
Temp_2m_C,0.5659571289906291,0.020651371388524426,0.019344680090209076,0.024666666666666667,0.025375720016657277,0.7481260015235048
Temp_Dew_Diff,0.013282683321728116,0.003275316552310786,0.006223403856551188,0.0,0.0,0.0
Temp_Humidity,0.5747915167135571,0.02375557917967632,0.020843583862550853,0.0,0.0,0.0
Temp_Inversion,0.004043212657586656,0.0030832954296049616,0.004413633868143792,0.002888888888888889,7.548427898631156e-05,0.007029248963803124
Temp_Wind,0.0035525951610468794,0.004500104601364121,0.003528279232098406,0.003111111111111111,0.00035000000000001696,0.0036179977052111147
Time_of_Day,0.10448389496635505,0.014109151747508887,0.006907617010836418,0.028,0.0032753507271109745,0.2131879972336193
Weather_Stress_Index,0.1443892345837002,0.011722162535934352,0.0037608603445090276,0.018277777777777778,0.0009538522699827912,0.10068521066259917
Week,0.08365463768652551,0.012246936740731568,0.006237167919723545,0.0195,0.0011354280046469434,0.18742080553542328
Week_of_Month,0.10947342493460968,0.01640262362942718,0.007853668887564662,0.02972222222222222,0.008468487217275703,0.974017143832543
Week_of_Year,0.01792346991701291,0.00031136220467892456,0.0015650144900444189,0.0,0.0,0.0
Weekday_Cos,0.03063744023671748,0.017264732483118238,0.022204773946029092,0.06838888888888889,0.044008462589039544,1.4058931538416208
Weekday_Sin,0.8897642864111961,0.018593583067775962,0.022205307539787382,0.024833333333333332,0.01188255430086114,1.0892761428131625
Wind_Category,0.8917452897680975,0.021264144754702154,0.025131224455019304,0.02227777777777778,0.004680473293118603,0.5053994932323334
Wind_Dir_10m,0.422432749778885,0.02176435448877459,0.07525937784452824,0.00788888888888889,0.018266142791071322,2.483067065045674
Wind_Gust_Ratio,0.0254686432140261,0.002771847518360092,0.0029961132574148203,0.0008333333333333333,0.0,0.0024997091459993685
Wind_Gusts_kmh,0.18300094421232346,0.002054551253771125,0.0055988861087313945,0.0008888888888888889,6.666666666665932e-05,0.0009304161282324384
Wind_Speed_10m_kmh,0.07985114415682613,0.002312858797431096,0.004588930315952236,0.0006111111111111111,8.333333333334265e-05,0.0003711031288241908
Wind_Stagnation,0.19088102347449953,0.012173201166317656,0.025708474628713396,0.006555555555555556,0.0016280488933370825,0.3313285604677201
Year,0.21050679336448536,0.01890663046718404,0.030336949506607747,0.01211111111111111,0.007873097501273555,0.7970760375997007
