Feature,Mutual Information,F Score
US_AQI_PM25,4.278875617268654,966932.8380121689
EU_AQI_PM25,3.6071925457485854,998132.3423732475
PM2_5_ugm3_RollingMean_24H,3.1713711425045767,1050534.728790695
EU_AQI,2.755948579819319,7182784.61657808
PM2_5_ugm3_EMA_24H,1.8203856860430108,1011450.6155836543
US_AQI_PM10,1.56089228772196,5970518.93704916
EU_AQI_PM10,1.5553385616178828,6199604.162501559
PM10_ugm3_RollingMean_24H,1.4864064012730367,5408525.590186485
PM2_5_ugm3_RollingMax_24H,1.4226638844609747,940387.6436303642
PM2_5_ugm3_EMA_12H,1.3397905511844055,924160.7072072125
PM2_5_ugm3_RollingMean_12H,1.284104287906377,906496.4869702145
PM2_5_ugm3_RollingMax_12H,1.2169809722651008,884140.8407738463
PM2_5_ugm3_RollingMin_24H,1.180827544983071,879533.913396377
PM10_ugm3_EMA_24H,1.1510649951259975,4833361.341494381
PM10_ugm3_RollingMax_24H,1.1248254942087321,2655027.378787282
PM2_5_ugm3_RollingMin_12H,1.0708483123657206,794719.7954571581
PM2_5_ugm3_EMA_6H,1.0542991646841209,808039.0566970068
PM2_5_ugm3_RollingMax_6H,1.0053622330717333,794543.1263724753
PM10_ugm3_RollingMax_12H,0.9920696214393558,2569302.4682889623
PM2_5_ugm3_RollingMean_6H,0.9903630726202639,774168.9835987957
PM2_5_ugm3_Lag_12H,0.9903067335048785,764027.9106604955
PM10_ugm3_EMA_12H,0.9884177348162897,3809924.574420834
PM10_ugm3_RollingMean_12H,0.9627446681450884,3763576.2731298665
PM2_5_ugm3_Lag_6H,0.9470988935941627,751802.0377550704
PM2_5_ugm3_RollingMin_6H,0.9347326321108138,703891.4688295443
PM10_ugm3_RollingMin_24H,0.9223207238623612,2906309.8825560436
PM2_5_ugm3_Lag_3H,0.8976785400226737,719177.6919842153
PM10_ugm3_RollingMin_12H,0.8623436377419793,2838246.521778451
PM2_5_ugm3_Lag_1H,0.857974041405904,692029.1914314094
PM10_ugm3_EMA_6H,0.8482595194153273,2798535.9712834675
PM10_ugm3_RollingMax_6H,0.8470501344989598,2253960.791177942
PM2_5_ugm3_Lag_24H,0.8431568604498185,678503.6626367475
PM2_5_ugm3,0.8402528126923494,677908.798899862
PM10_ugm3_RollingMean_6H,0.8138472678759854,2643590.1946390322
PM10_ugm3_Lag_12H,0.8053594998428659,2608464.750833989
PM10_ugm3_RollingMin_6H,0.7945466255384259,2419939.040235866
PM10_ugm3_Lag_6H,0.7922155838738076,2497598.543316303
PM10_ugm3_Lag_3H,0.7590367930739763,2232113.2177277035
PM10_ugm3_Lag_1H,0.7278033726827751,1989670.5538005014
PM10_ugm3_Lag_24H,0.7193638017834099,1971681.8448330236
PM10_ugm3,0.712043480169295,1860021.09279511
CO_ugm3_RollingMax_24H,0.6647199889756772,158049.46272591766
O3_ugm3_RollingMax_24H,0.6085643855468694,316269.76623529143
US_AQI_O3,0.5902517037230437,102039.30122318285
CO_ugm3_RollingMin_24H,0.5756392435225415,220240.46748327548
Mean_Pollution,0.5696335506676444,304580.9774566529
Total_Pollution,0.569540190345668,304580.97745604697
SO2_ugm3_RollingMax_24H,0.556482100633195,118545.46836657915
CO_ugm3_RollingMean_24H,0.5446666406227507,202616.96704953723
CO_ugm3_RollingMax_12H,0.5390293336446623,149759.99392250832
Humidity_PM25,0.528421263582187,292026.19167565973
PM2_5_ugm3_RollingStd_24H,0.5199663266539236,447762.234822796
PM2_5_ugm3_Volatility_24H,0.5199414547738002,447773.7517207851
CO_ugm3_EMA_24H,0.4970999263511775,195476.17206972407
PM10_ugm3_RollingStd_24H,0.4836761198417534,1173464.8157538248
PM10_ugm3_Volatility_24H,0.483638026918241,1173472.5011428832
SO2_ugm3_RollingMax_12H,0.4830170132941243,117803.35396114753
CO_ugm3_RollingMin_12H,0.4813864683732785,163692.4226846315
SO2_ugm3_RollingMin_24H,0.46507466760617344,134426.36832151635
SO2_ugm3_RollingMean_24H,0.45819385527561707,139693.59440509914
NO2_ugm3_RollingMax_24H,0.4520740820038167,161385.10947658448
CO_ugm3_EMA_12H,0.4507984627359445,170973.25935949828
CO_ugm3_RollingMean_12H,0.43674821828979127,164009.16812763034
SO2_ugm3_EMA_24H,0.4366594441701608,138176.32797126463
SO2_ugm3_RollingMin_12H,0.43412638591576247,129723.26776230648
CO_ugm3_RollingMax_6H,0.432875703885121,136781.11293834436
O3_ugm3_RollingStd_24H,0.42839222292823464,252286.0742674375
O3_ugm3_Volatility_24H,0.4283470213093441,252307.83737767837
SO2_ugm3_RollingMax_6H,0.4203136219908057,113754.87761766532
SO2_ugm3_EMA_12H,0.41356661214582857,131145.7388538558
SO2_ugm3_RollingMean_12H,0.41086203142506683,130564.22908035624
O3_ugm3_RollingMax_12H,0.4030490063296943,199229.05015737034
SO2_ugm3_RollingMin_6H,0.3986690346474431,120470.70899025789
CO_ugm3_RollingMin_6H,0.39858575989737943,127323.33170190257
CO_ugm3_EMA_6H,0.3957305965075335,145361.887033823
SO2_ugm3_EMA_6H,0.38710537964974634,121805.53736224459
PM_Difference,0.3824853903773917,954267.394879524
Wind_PM25,0.38231270935733086,555963.3655439964
SO2_ugm3_RollingMean_6H,0.37572172220750666,118805.69617839046
SO2_ugm3_Lag_6H,0.3687592279628591,117473.16945672905
CO_ugm3_RollingMean_6H,0.3665294525898659,135073.50896999091
CO_ugm3_Lag_12H,0.3641838331691405,130721.92749688802
PM2_5_ugm3_RollingStd_12H,0.363096587785499,332908.06936836604
US_AQI_CO,0.36147986772454477,144438.50996260642
SO2_ugm3_Lag_12H,0.3613531149680096,117690.63908267982
SO2_ugm3_Volatility_24H,0.35895338131315846,86591.5094018905
SO2_ugm3_RollingStd_24H,0.35882497756877463,86591.75662493584
SO2_ugm3_Lag_3H,0.3579041818035771,112781.89813895964
SO2_ugm3_Lag_24H,0.35725686404842527,111153.69935343188
SO2_ugm3_Lag_1H,0.35167911776604743,110452.27993241686
SO2_ugm3,0.34941775540316033,109738.06545572313
PM10_ugm3_RollingStd_12H,0.34890692709576854,813812.4422407374
Maximum_Pollution,0.3475040197305832,181031.78945513756
Pressure_Difference,0.34598551694445234,37858.783026094585
Pollution_Range,0.3433543358338458,176757.54220361673
NO2_ugm3_RollingMean_24H,0.3370742489499854,166640.82387076202
CO_ugm3,0.3369370105425942,121257.9180306928
CO_ugm3_Lag_24H,0.3367291657640168,122215.86552568134
CO_ugm3_Lag_1H,0.3328551823685304,120404.0095077324
NO2_ugm3_RollingMax_12H,0.33118699455404865,141841.17905993556
CO_ugm3_Lag_6H,0.33077144339255504,122475.06859898227
CO_ugm3_Lag_3H,0.3254716082100648,119890.65118072914
NO2_ugm3_Volatility_24H,0.30037182070401514,142968.7379285586
NO2_ugm3_RollingStd_24H,0.3002781673680346,142967.16845768184
Lat_Long_Interaction,0.29840356826847003,4782.78098818834
Latitude,0.2975918940639355,20452.988903840633
Absolute_Latitude,0.2964512295396924,20452.988903840633
Longitude,0.29608766011579757,20492.29374026502
O3_ugm3_RollingMax_6H,0.2883015530408901,105013.53540131752
CO_ugm3_Volatility_24H,0.28514149618646556,105287.86221334375
CO_ugm3_RollingStd_24H,0.2850899963665139,105288.02348073135
SO2_ugm3_RollingStd_12H,0.2788758155426372,72805.2868081412
NO2_ugm3_EMA_24H,0.27356462779568425,155323.13798663154
Day_of_Year,0.2734223643637721,10356.546291623787
O3_ugm3_RollingMean_24H,0.2623520546040865,139762.63682214558
O3_ugm3_RollingMean_12H,0.2613743677199647,95347.60154414037
O3_ugm3_EMA_24H,0.2603137762526444,134111.7343355487
O3_ugm3_EMA_12H,0.2522658187425417,105287.84411654259
Minimum_Pollution,0.25221136089758733,137391.30486784547
PM2_5_ugm3_RollingStd_6H,0.2520412980518767,242346.4623620744
PM10_ugm3_RollingStd_6H,0.24729071510338052,522430.85928052483
NO2_ugm3_RollingMax_6H,0.2451061163189605,120466.89327963418
NO2_ugm3_EMA_12H,0.23401925417471148,133882.95525510577
AOD,0.22859472641749168,148357.56709387642
O3_ugm3_Lag_6H,0.22766995270642898,59122.77863341767
SO2_ugm3_RollingStd_6H,0.22235297087924089,56773.00270819225
NO2_ugm3_RollingMean_12H,0.22133049807265515,126903.73139922769
O3_ugm3_RollingStd_12H,0.2161707467755427,140503.6489239895
Surface_Pressure_hPa,0.21602163803610175,44028.2954334294
CO_ugm3_RollingStd_12H,0.20715977686454679,88986.16009146112
O3_ugm3_Lag_3H,0.20657769582762597,58395.56799568588
O3_ugm3_RollingMean_6H,0.20371662129118207,67072.36512393643
Week,0.19808873837233598,10337.015570900121
Week_of_Year,0.19768338027260057,10337.015570900121
O3_ugm3_EMA_6H,0.19718966398079196,74037.14315606197
PM_Ratio,0.19188147039973735,12062.677113289834
NO2_ugm3_EMA_6H,0.19148514939050898,111436.96623325368
NO2_ugm3_RollingStd_12H,0.18556901614992327,108230.45501519502
PM10_ugm3_Change,0.1734414413888281,1326.6950982176127
NO2_ugm3_RollingMean_6H,0.17202168063529655,101342.31268141032
Month,0.16605296546238968,10486.000332018453
NO2_ugm3_RollingMin_24H,0.1638461608710946,50142.42323468939
NO2_ugm3_Lag_12H,0.16259550407846213,98991.89218885335
SO2_ugm3_PctChange,0.16243941837212095,20.88667988037816
CO_ugm3_RollingStd_6H,0.1609836191299685,72348.87413661614
NO2_ugm3_Lag_24H,0.1564580729772862,95835.28963762814
PM2_5_ugm3_Change,0.15420318844156888,446.5713827400108
O3_ugm3_Lag_1H,0.1531012259646829,50522.77529809622
NO2_ugm3,0.1523195719955046,92537.08407905122
NO2_ugm3_RollingMin_12H,0.15072892600246313,62371.445253498605
SO2_ugm3_Change,0.15043746824084803,27.66346689095572
NO2_ugm3_Lag_6H,0.1495068975030973,87982.13961215217
NO2_ugm3_Lag_1H,0.1485706817418091,90136.52544440444
O3_ugm3_RollingMin_6H,0.14779142589053418,26302.71092658789
NO2_ugm3_RollingStd_6H,0.14746306054848723,83406.23475422204
US_AQI_NO2,0.14710001344929502,91694.96265550259
NO2_ugm3_Lag_3H,0.14591149281601634,87129.86449839106
NO2_ugm3_RollingMin_6H,0.14465248439741973,70325.85171796654
O3_ugm3,0.13830623783542695,45628.47170649262
PM2_5_ugm3_PctChange,0.13450711040937335,134.5130549250024
O3_ugm3_Lag_24H,0.1320605467799476,42082.105002609496
Quarter,0.12949304157393637,10325.132899755556
Temp_Humidity,0.1284895443941263,37294.94605728814
PM25_NO2_Ratio,0.1251549418265352,39696.28581908683
O3_ugm3_Lag_12H,0.12475940566658572,30936.34635623243
Weather_Stress_Index,0.12149775494133941,83539.36873380638
O3_ugm3_RollingStd_6H,0.11987051844273111,75832.19289482963
CO_ugm3_Change,0.1125318293483728,21.554924911818166
O3_ugm3_RollingMin_12H,0.11179809997887347,6441.010113207634
Cloud_Low_Percent,0.1111176530032898,40013.72276022935
Dust_ugm3,0.11076850031426844,660551.8883853161
Dew_Point_C,0.11072866861932784,23027.192902479834
NO2_ugm3_Change,0.10895801368589719,202.7507341133207
O3_ugm3_RollingMin_24H,0.10612882207535446,240.9329550680708
Month_Sin,0.09663752033593109,39637.838121099005
Cloud_Cover_Percent,0.09591300857924967,67499.35831859394
Rain_PM10,0.09287998465942682,10.691746328927369
O3_ugm3_PctChange,0.08926246466721821,152.30402675282272
O3_NO2_Ratio,0.0874324025729436,3047.028897441618
O3_ugm3_Change,0.08534976311339104,1364.7989410120736
Cloud_High_Percent,0.08000950832102394,52976.00984957414
Cloud_Mid_Percent,0.07980630349994566,29544.420651683857
Month_Cos,0.07878761040400661,25662.60826614591
PM10_ugm3_PctChange,0.07651562803642165,122.17619999950679
Heavy_Cloud,0.06769432703639033,50268.69909026262
Humidity_Percent,0.06677601987619841,44185.376775602024
Temp_Dew_Diff,0.06385909097186193,38928.35006647913
Pressure_MSL_hPa,0.061630627656946046,11601.80110309464
Dry_Day,0.059145702491643526,41007.91496456606
Rain_mm,0.059121829890220745,7989.174448732748
Is_Raining,0.0573209496476732,41010.385438394835
Precipitation_mm,0.05686938183262047,7987.908811506727
Temp_2m_C,0.055221607906989156,637.8820951714733
NO2_ugm3_PctChange,0.054551378857508936,464.40451592476444
Northern_India,0.0523286183185796,59231.46177482105
Wind_Gust_Ratio,0.04934875209186451,20.204292911225238
CO_ugm3_PctChange,0.04445284317318787,532.1689947593163
Temp_Wind,0.0414924198131299,378.46590552465847
CO_NO2_Ratio,0.039935924268862166,733.4133341959138
Solar_O3,0.038727962511170055,8294.408571827995
Wind_Dir_10m,0.03768532247320433,18.289944875491393
Wind_Speed_10m_kmh,0.03613639960397741,576.384731707592
Wind_Gusts_kmh,0.02533916624034127,6533.562618517753
Days_in_Month,0.022485822809872325,1805.2790234411093
Diffuse_Radiation_Wm2,0.018581950559666716,2162.280942062937
Day,0.014521765976699186,0.20560936600133287
Day_of_Month,0.014263572239431532,0.20560936600133287
Year,0.014144616242466768,2227.2093568538926
Crop_Burning_Season,0.009914077851179925,1185.8257655559419
Direct_Radiation_Wm2,0.008625679493032834,317.98713576798565
Coastal_State,0.007980523864601352,3736.34678444356
High_Wind,0.007954963002648086,3541.7081848822436
Solar_Radiation_Wm2,0.007314719322454977,7.257438345813524
Inland_State,0.007033435442781233,3736.346784406838
Hour_Sin,0.00519543545895651,1384.1194433311887
Festival_Period,0.004935342119796182,1238.8774223935575
Sunshine_Seconds,0.0044904883447651756,745.8543913403257
Hour,0.004471804830679105,836.2612512532355
Week_of_Month,0.0041845048777666705,0.7182278540956841
Wind_Stagnation,0.004146313123008838,1394.3747274077512
Weekday_Sin,0.0027774191699245776,5.475545265001118
Heavy_Rain,0.0021986405465881376,600.3340905790361
Is_Daytime,0.0020457958202282356,308.20241947373916
Is_Weekend,0.0011257526352030922,11.902017280679662
Day_of_Week,0.001122664435642129,2.1273800260438516
Is_Quarter_End,0.0009379980995243287,2.2001254624204227
Hour_Cos,0.0008271566048971835,4.291427495706311
Weekday_Cos,0.0006129314599094826,11.926614608595617
Is_Month_Start,0.0005984569713088916,1.1456585694966532
Pollution_Count,0.00022901056957991273,0.0
Is_Month_End,2.7611143967654073e-05,6.898322551445991
Temp_Inversion,0.0,0.0
Is_Quarter_Start,0.0,10.762148850671245
