,Missing Values,Missing %
O3_ugm3_PctChange,3671,0.44
AQI_Category,2516,0.3
NO2_ugm3_PctChange,2292,0.27
CO_ugm3_Lag_24H,696,0.08
PM10_ugm3_Lag_24H,696,0.08
PM2_5_ugm3_Lag_24H,696,0.08
SO2_ugm3_Lag_24H,696,0.08
NO2_ugm3_Lag_24H,696,0.08
O3_ugm3_Lag_24H,696,0.08
SO2_ugm3_PctChange,540,0.06
PM10_ugm3_Lag_12H,348,0.04
O3_ugm3_Lag_12H,348,0.04
SO2_ugm3_Lag_12H,348,0.04
CO_ugm3_Lag_12H,348,0.04
PM2_5_ugm3_Lag_12H,348,0.04
NO2_ugm3_Lag_12H,348,0.04
NO2_ugm3_Lag_6H,174,0.02
SO2_ugm3_Lag_6H,174,0.02
PM10_ugm3_Lag_6H,174,0.02
PM2_5_ugm3_Lag_6H,174,0.02
O3_ugm3_Lag_6H,174,0.02
CO_ugm3_Lag_6H,174,0.02
US_AQI_PM25,145,0.02
US_AQI,145,0.02
EU_AQI_PM10,145,0.02
EU_AQI,145,0.02
EU_AQI_PM25,145,0.02
US_AQI_PM10,145,0.02
CO_ugm3_Lag_3H,87,0.01
NO2_ugm3_Lag_3H,87,0.01
PM10_ugm3_Lag_3H,87,0.01
SO2_ugm3_Lag_3H,87,0.01
PM2_5_ugm3_Lag_3H,87,0.01
O3_ugm3_Lag_3H,87,0.01
US_AQI_O3,73,0.01
SO2_ugm3_Change,29,0.0
O3_ugm3_Change,29,0.0
PM2_5_ugm3_Volatility_24H,29,0.0
CO_ugm3_PctChange,29,0.0
PM10_ugm3_Volatility_24H,29,0.0
CO_ugm3_Volatility_24H,29,0.0
NO2_ugm3_Volatility_24H,29,0.0
SO2_ugm3_Volatility_24H,29,0.0
NO2_ugm3_Change,29,0.0
PM2_5_ugm3_PctChange,29,0.0
CO_ugm3_Change,29,0.0
PM10_ugm3_PctChange,29,0.0
PM10_ugm3_Change,29,0.0
NO2_ugm3_Lag_1H,29,0.0
PM2_5_ugm3_Change,29,0.0
O3_ugm3_Lag_1H,29,0.0
PM2_5_ugm3_Lag_1H,29,0.0
SO2_ugm3_Lag_1H,29,0.0
PM10_ugm3_Lag_1H,29,0.0
CO_ugm3_Lag_1H,29,0.0
O3_ugm3_Volatility_24H,29,0.0
US_AQI_NO2,2,0.0
PM25_Category_India,2,0.0
