Datetime,mean,median,std
2022-08-31,64.5,58.0,29.3
2022-09-30,76.5,68.0,37.1
2022-10-31,96.1,82.0,47.6
2022-11-30,121.2,129.0,50.8
2022-12-31,119.3,122.0,56.5
2023-01-31,134.7,142.0,44.9
2023-02-28,118.4,110.0,37.8
2023-03-31,110.0,102.0,37.7
2023-04-30,98.6,91.0,33.1
2023-05-31,91.8,82.0,34.8
2023-06-30,77.9,71.0,33.5
2023-07-31,57.8,53.0,28.0
2023-08-31,73.5,66.0,36.4
2023-09-30,68.7,60.0,33.5
2023-10-31,91.9,86.0,43.4
2023-11-30,98.8,88.0,53.2
2023-12-31,101.9,94.0,48.8
2024-01-31,118.2,115.0,46.4
2024-02-29,104.0,96.0,36.5
2024-03-31,97.2,91.0,31.8
2024-04-30,93.5,87.0,31.9
2024-05-31,92.4,79.0,48.2
2024-06-30,85.6,71.0,54.0
2024-07-31,61.4,54.0,33.8
2024-08-31,58.7,56.0,25.6
2024-09-30,66.0,58.0,32.2
2024-10-31,91.8,84.0,42.8
2024-11-30,118.8,124.0,52.1
2024-12-31,115.8,109.0,46.8
2025-01-31,132.4,137.0,44.0
2025-02-28,118.8,118.0,34.8
2025-03-31,141.9,111.0,192.2
2025-04-30,132.5,101.0,159.3
2025-05-31,125.4,89.0,183.7
2025-06-30,100.7,73.0,127.4
2025-07-31,69.4,61.0,36.2
2025-08-31,75.0,61.0,78.7
2025-09-30,71.1,64.0,32.2
2025-10-31,89.9,77.5,45.0
2025-11-30,111.0,106.0,49.6
